{
  "answers": {
    "phase": 
      "coding",
    "action": 
      "source code authoring",
    "scope": 
      "backend",
    "action experience": 3,
    "target":
      "js / node",
    "aimodel": 
      "chatgpt 4o",
    "tool option": "online full", 
    "experience with tool": 4,
    "time allocated (h)": "1",
    "time saved estimate (h)": "4",
    "quality of ai help": 4,
    "knowledge acquired": 3,
    "generic feeling - now": 4,
    "generic feeling - future": 4,
    "threat level": 0,
    "notes": ""
  }
}
