{
  "answers": {
    "phase": 
      "architecture",
    "action": 
      "architectural decision",
    "scope": 
       "uml deployment",
    "action experience": 1,
    "target": 
      "microservices",
    "aimodel": 
      "chatgpt 4o",
    "tool option": "online full",
    "experience with tool": 4,
    "time allocated (h)": "0.3",
    "time saved estimate (h)": "1",
    "quality of ai help": 4,
    "knowledge acquired": 4,
    "generic feeling - now": 4,
    "generic feeling - future": 4,
    "threat level": 0,
    "notes": ""
  }
}
