{
  "answers": {
    "phase": 
      "architecture"
    ,
    "action": 
      "architectural decision",
    "scope": 
      "uml other",
    "action experience": 4,
    "target": 
      "microservices"
    ,
    "aimodel": 
      "chatgpt 4o",
    "tool option": "online full",
    "experience with tool": 4,
    "time allocated (h)": "0.1",
    "time saved estimate (h)": "0.5",
    "quality of ai help": 5,
    "knowledge acquired": 5,
    "generic feeling - now": 5,
    "generic feeling - future": 5,
    "threat level": 0,
    "notes": ""
  }
}
