{
  "answers": {
    "phase": 
      "coding"
    ,
    "action": 
      "source code authoring"
    ,
    "scope": 
      "backend"
    ,
    "action experience": 3,
    "target":
      "js / node",
    "aimodel": 
      "chatgpt 4o"
    ,
    "tool option": "online full",
    "experience with tool": 4,
    "time allocated (h)": "0.3",
    "time saved estimate (h)": "2",
    "quality of ai help": 5,
    "knowledge acquired": 5,
    "generic feeling - now": 5,
    "generic feeling - future": 3,
    "threat level": 1,
    "notes": ""
  }
}
