{
  "answers": {
    "phase": 
      "coding",
    "action": 
      "source code authoring",
    "scope": 
      "backend",
    "action experience": 2,
    "target": 
      "sql",
    "aimodel": 
      "chatgpt 4o",
    "tool option": "online full",
    "experience with tool": 4,
    "time allocated (h)": "1.2",
    "time saved estimate (h)": "4",
    "quality of ai help": 5,
    "knowledge acquired": 3,
    "generic feeling - now": 3,
    "generic feeling - future": 3,
    "threat level": 0,
    "notes": ""
  }
}
