{
  "answers": {
    "phase": 
      "design",
    "action": 
      "design decision",
    "scope": 
      "backend",
    "action experience": 1,
    "target": 
      "n/a",
    "aimodel": 
      "chatgpt 4o",
    "tool option": "online full", 
    "experience with tool": 4,
    "time allocated (h)": "0.3",
    "time saved estimate (h)": "2",
    "quality of ai help": 5,
    "knowledge acquired": 5,
    "generic feeling - now": 4,
    "generic feeling - future": 4,
    "threat level": 0,
    "notes": ""
  }
}
