{
  "answers": {
    "phase": 
      "deployment"
    ,
    "action":
      "deployment"
    ,
    "scope":
      "deployment scripts",
    "action experience": 1,
    "target": 
      "yaml/json",
    "aimodel": 
      "chatgpt 4o",
    "tool option": "online full",
    "experience with tool": 4,
    "time allocated (h)": "0.2",
    "time saved estimate (h)": "2",
    "quality of ai help": 4,
    "knowledge acquired": 4,
    "generic feeling - now": 4,
    "generic feeling - future": 4,
    "threat level": 0,
    "notes": ""
  }
}
