{
  "answers": {
    "phase":
      "coding"
    ,
    "action": 
      "source code authoring",
    "scope": 
      "backend",
    "action experience": 3,
    "target":
      "js / node",
    "aimodel": 
      "chatgpt 4o",
    "tool option":"online full",
    "experience with tool": 4,
    "time allocated (h)": "0.3",
    "time saved estimate (h)": "1.5",
    "quality of ai help": 4,
    "knowledge acquired": 4,
    "generic feeling - now": 4,
    "generic feeling - future": 4,
    "threat level": 1,
    "notes": ""
  }
}
