{
  "answers": {
    "phase":
      "architecture",
    "action": 
      "architectural decision",
    "scope": 
      "uml component",
    "action experience": 2,
    "target": 
      "microservices",
    "aimodel": 
      "chatgpt 4o",
    "tool option": "online full",
    "experience with tool": 4,
    "time allocated (h)": "1",
    "time saved estimate (h)": "3",
    "quality of ai help": 3,
    "knowledge acquired": 3,
    "generic feeling - now": 3,
    "generic feeling - future": 3,
    "threat level": 0,
    "notes": ""
  }
}
